filename,xmin,ymin,xmax,ymax,class
plane_000.png,251,145,360,244,plane
plane_001.png,213,318,282,419,plane
plane_002.png,287,180,381,307,plane
plane_003.png,290,76,433,282,plane
plane_004.png,288,317,512,485,plane
plane_005.png,201,140,359,354,plane
plane_006.png,84,184,236,387,plane
plane_007.png,276,314,418,512,plane
plane_008.png,242,156,420,338,plane
plane_009.png,365,58,441,170,plane
plane_010.png,222,77,461,255,plane
plane_011.png,150,156,433,362,plane
plane_012.png,41,138,306,333,plane
plane_013.png,89,90,369,298,plane
plane_014.png,312,80,434,237,plane
plane_015.png,57,30,245,281,plane
plane_016.png,178,113,381,370,plane
plane_017.png,173,249,353,377,plane
plane_018.png,170,119,320,325,plane
plane_019.png,243,305,393,501,plane
plane_020.png,21,169,278,348,plane
plane_021.png,27,226,195,473,plane
plane_022.png,166,72,257,194,plane
plane_023.png,85,169,198,321,plane
plane_024.png,72,176,308,339,plane
plane_025.png,262,115,512,309,plane
plane_026.png,232,107,442,254,plane
plane_027.png,333,205,421,304,plane
plane_028.png,108,157,283,330,plane
plane_029.png,80,39,260,279,plane
